id,name,structure,city,postal,web,priority,logo_url
12u,1001 Buros,Société,Crémieu,38460,https://1001buros.fr/,1,
10i,A place like you,,Artigues-près-Bordeaux,33370,www.aplacelikeyou.fr,1,
zu,A.C.S.,Société,Mâcon,71000,http://www.acs-ingenierie.fr/,1,
na,ACTIS,Société,Courlandon,51170,https://www.actis-demolition-reims.fr/,1,
ne,AD FINE,Société,Millau,12100,https://www.adfine.fr/,1,
nf,AD FINE,Société,Chambéry,73000,https://www.adfine.fr/,1,
ng,AD FINE,Société,Nantes,44000,https://www.adfine.fr/,1,
16p,ADALEA - Pole Reemploi Solidaire,Structure ESS (annuaire CRESS Bretagne 2024),Saint-Brieuc,22000,https://www.adalea.fr,1,
nc,ADEME,Autre,Montrouge,92120,https://www.ademe.fr/,1,
nh,AGI2D,Société,Pantin,93500,http://www.agi2d.fr/,1,
ni,AGI2D,Société,Vénissieux,69200,http://www.agi2d.fr/,1,
nj,AGI2D,Société,Douai,59500,http://www.agi2d.fr/,1,
nk,AGI2D,Société,Nantes,44100,http://www.agi2d.fr/,1,
nl,AGI2D,Société,Bruges,33520,http://www.agi2d.fr/,1,
nn,AI Environnement,Société,Fontenay-sous-Bois,94120,https://faceagroup.com/ai-environnement-formation,1,
nu,Allibert,Société,Valaurie,26230,http://www.allibert-materiauxanciens.fr/fr/,1,
11A,ALOEN,Association,Lorient,56100,https://aloen.fr/2023/02/09/reemploi-et-economie-de-la-fonctionnalite/,1,
xk,Alternatinnov,Société,Maisons-du-Bois-Lièvremont,25650,http://alternatinnov.fr/,1,
10k,Anaïs Mambré Décoration,Société,Besançon,25000,www.anaismambre-decoration.fr,1,
nz,Angelo Di Marco,Société,Villiers-en-Désœuvre,27640,http://www.angelodimarco.com/,1,
o2,Antik Matériaux,Société,Surville,14130,https://www.antikmateriaux.eu/,1,
o3,Antiques Deco,Société,Roubaix,59100,http://antiquesdeco.eu/,1,
o5,Antiquités Thierry May,Société,Fontainebleau,77300,http://thierrymay.com/,1,
oC,Arca-Chudeau,Société,Avrillé,49240,https://www.arca-chudeau.fr/,1,
oF,Archipel Zéro,Société,Paris,75012,http://www.archipelzero.fr/,1,
oG,Archipel Zéro,Société,Le Havre,76600,http://www.archipelzero.fr/,1,
y4,ARP ASTRANCE,Société,,75008,https://arp-astrance.com/,1,
oO,Arts et Techniques,Société,Malicorne-sur-Sarthe,72270,https://www.arts-techniques.fr/,1,
12b,Association TERRE Communauté Emmaüs,Association,Chevaigné,35250,https://www.associationterre.com/,1,
oV,Atelier Ausa,Société,Paris,75000,https://atelierausa.fr/,1,
oW,Atelier Ausa,Société,Paris,75000,https://atelierausa.fr/,1,
ob,Atelier de Saint-Cannat,Société,Aix-en-Provence,13540,https://materiaux-anciens-atelier-saint-cannat.fr/,1,
od,Atelier Fer Emeraude,Société,Bordeaux,33000,http://www.ferronnerie-ferem.info/,1,
oi,Atelier moins mais mieux,Coopérative (CAE),Carentoir,56910,http://atelier-moinsmaismieux.fr/,1,
xI,Atelier R-ARE,Association,Romainville,93230,https://www.construire-solidaire.fr/portfolio-item/atelier-r-are/,1,
ol,Atelier Tac,Société,Orléans,45000,http://ateliertac.fr/,1,
oo,Au bon vieux temps,Société,Belvès,24170,http://www.aubonvieuxtemps24.fr/,1,
oq,Authentic,Société,Salernes,83690,http://www.authentic.fr/,1,
or,AvniR by cd2e,Société,Loos-en-Gohelle,62750,http://avnir.org/,1,
os,Backacia,Société,Paris,75011,https://backacia.com/,1,
p0,Bati Récup',Société,Langouet,35630,www.batirecup.com,1,
p6,Beaumarié Ferronerie,Société,Jouars-Pontchartrain,78760,http://www.beaumarieferronnerie.com/,1,
p8,Bellastock,Société,Paris,75019,https://bellastock.com/,1,
xy,Bellastock Marseille,Société,Marseille,13009,https://bellastock.com/,1,
pA,BH Matériaux anciens,Société,Lauzerte,82110,http://bhmateriauxanciens.com/,1,
10b,BIYA,Association,Le Mans,72000,https://assobiya.com/,1,
11H,BLAU (BLANCKAERT ARCHITECTURE ET URBANISME),Société,Mons-en-Barœul,59370,http://www.bl-au.com/#/actualite,1,
pE,Borderie Restauration,Société,Lencloître,86140,https://www.borderie-restauration.fr/,1,
pF,Bourgogne Matériaux anciens,Société,Marmagne,71710,https://www.bourgogne-materiaux-anciens.fr/,1,
pG,Bresson Schindlbeck Architectes Associées,Société,Marseille,13006,http://bs-architecture.fr/,1,
pH,Bricobidule,Société,Les Échelles,73360,https://www.bricobidule.fr/,1,
pI,Bricoboutique,Association,Voiron,38500,https://www.bricoboutique-voiron.fr/,1,
pK,Brocante d'antan,Société,Orsans,11270,http://www.brocantedantan.com/,1,
pL,Bureau Tournesol,Société,Toulouse,31500,89393932200010,1,
pQ,CAVAPU,Association,Saint-Denis,93200,http://www.cavapu.fr/,1,
11k,Cerestia,Association,Montanges,01200,https://www.cerestia-home.fr/,1,
pS,Circolab,Association,Paris,75008,https://circolab.eu/,1,
pU,Circularis,Société,Pont-Évêque,38780,http://www.circularis.fr/,1,
pV,Claude Augustin Matériaux Anciens,Société,Les Chères,69380,http://www.claudeaugustin.com/fr/,1,
pW,Co-Recyclage,Société,Paris,75009,https://www.corecyclage.info/corporate/,1,
16k,Collectif Melusine,Plateforme de reemploi PEMB (enquete CERC-NA),Lusignan,86600,https://collectifmelusine.org,1,
pj,Cycle Up,Société,Paris,75010,https://www.cycle-up.fr/,1,
y8,Cycles & Sources,Société,Montpellier,34000,https://www.cycles-et-sources.fr/,1,
pi,Côté Portes,Société,Grasse,06130,http://www.portes-anciennes06.com/,1,
16q,DAFARnaum,Structure ESS (annuaire CRESS Bretagne 2024),Concarneau,29900,https://dafarnaum.fr,1,
pm,Decobat et Aménagement,Société,Prin-Deyrançon,79210,https://www.decobatamg.com,1,
10f,DEKRA Industrial,Société,Montpellier,34965,https://www.dekra-industrial.fr/news/diagnostic-pemd-produits-equipements-materiaux-dechets,1,
pu,Didier Fanget,Société,Boën-sur-Lignon,42130,https://opalis.eu/fr/revendeurs/didier-fanget,1,
pv,Dubost Père et Fils,Société,Aix-en-Provence,13540,http://www.dubost-materiauxanciens.fr/,1,
pw,Dussel Démolition,Société,Maisons-Alfort,94700,http://www.dussel-demolition.com/,1,
pq,Démolition William Perreault,Société,Chambourcy,78240,https://materiaux.demolition-perreault.fr/,1,
pr,Démopur,Société,Les Éparres,38300,https://www.demopur.com/,1,
q0,Eco + Carbone,Société,Paris,75008,https://www.ecocarbone.fr/,1,
q1,Eco + Carbone,Société,Lyon,69006,https://www.ecocarbone.fr/,1,
q2,Eco + Carbone,Société,Rennes,35000,https://www.ecocarbone.fr/,1,
px,Econolog,Société,Plœmeur,56270,https://econolog.fr/,1,
yw,Economie circulaire 56,Association,Vannes,56000,https://www.ec-56.bzh/,1,
10z,eEgénie,Société,Lyon,69007,www.eegenie.com,1,
qA,Entreprise Durand,Société,Châtenois,88170,http://www.lesmateriauxdautrefoisdurand.fr/,1,
qB,Entreprise Guedou,Société,Morancez,28630,https://www.paves-anciens-guedou.fr/,1,
yW,Envirobat Occitanie - Agence de Toulouse,Association,Toulouse,31500,https://www.envirobat-oc.fr/R-Occi,1,
yX,Envirobat Occitanie - Agence Montpellier,Association,Montpellier,34064,https://www.envirobat-oc.fr/R-Occi,1,
100,Equilibre Structures,Société,Paris,75012,https://equilibrestructuresdotfr.wpcomstaging.com/,1,
qF,Escaliers Lachaux,Société,Megève,74120,https://www.antiquitesphilippelachaux.fr/,1,
wc,Etablissement Muller,Société,Vervins,02140,http://www.muller-services.com/,1,
qI,ETH Zurich,Autre,Zurich,8049,https://sc.ibi.ethz.ch/en/education/cas-regenerative-materials.html/,1,
xV,FACEA,Société,Chambéry,73000,https://faceagroup.com/,1,
qU,Garnier Alban,Société,Saint-Étienne,42000,https://opalis.eu/fr/revendeurs/garnier-alban,1,
qZ,Genindus Enernov,Société,Crécy-la-Chapelle,77580,http://www.genindus-enernov.fr/,1,
qb,Genindus Enernov,Société,Rennes,35000,http://www.genindus-enernov.fr/,1,
qd,Genindus Enernov,Société,Latresne,33360,http://www.genindus-enernov.fr/,1,
qf,GeoBaPa by Soltracing,Autre,Paris,75012,https://soltracing.fr/geobapa,1,
qg,GERANIUM,Société,Puteaux,92800,http://www.geranium-environnement.com/,1,
qh,Grand Huit,Société,Paris,75019,https://grandhuit.eu/,1,
11m,Green Brique,Société,Simiane-Collongue,13109,www.greenbrique.com,1,
16y,Groupe Sodiatec,Acteur Envirobat Centre-Val de Loire,Tours,37000,https://sodiatec.fr,1,
ql,Guérin Cheminées,Société,Fresné-la-Mère,14700,https://www.guerin-cheminees.com/index.php,1,
yZ,Hélène Palisson Architecte,Société,Vindry-sur-Turdine,69490,https://www.architectes-pour-tous.fr/architectes-pour-tous/helene-palisson-architecte,1,
qy,INEC - Institut National de l'Economie Circulaire,Autre,Paris,75003,http://www.institut-economie-circulaire.fr,1,
y1,INITIATIVES SOLIDAIRES,Association,Stains,93240,www.initiativessolidaires.com,1,
170,Iscee Studio,Acteur Envirobat Centre-Val de Loire,Orleans,45000,https://iscee-studio.fr,1,
r0,Jean Guy,Société,Mons,31280,http://www.antiquaire-decorateur-batiment.com/,1,
yA,Kayak Architecture,Société,Chambéry,73000,https://www.architectes-pour-tous.fr/architectes-pour-tous/kayak-architecture,1,
r5,Koleno Métaux,Société,Saussay-la-Campagne,27150,http://www.koleno-metaux.fr/,1,
r6,L'Art et la Matière,Association,Mulhouse,68200,http://art-matiere.fr/,1,
xl,L'Atelier CNC,Société,Mérignac,33700,www.ateliercnc.fr,1,
r8,L'Écrouvis,Association,Saint-Nicolas-de-Redon,44460,http://www.ecrouvis.org/,1,
rB,La Belle ère,Société,Nantes,44200,https://labelleere.com/,1,
rH,La Maison de l'Economie Circulaire,Association,Lyon,69000,http://lamaisondeleconomiecirculaire.fr/,1,
rN,La Nouvelle Mine,Association,Gréasque,13850,http://lanouvellemine.fr/,1,
rO,La Pierre de Jadis,Société,Charentilly,37390,https://lapierredejadis.com/,1,
xx,La Pillotous,Association,Plumaudan,22350,https://pillotous.bzh/,1,
rS,La Requincaillerie,Association,Pantin,93500,http://www.requincaillerie.org/wp/,1,
rX,La Ressourcerie Verte,Association,Romans-sur-Isère,26100,http://laressourcerieverte.com/category/materiautheque/,1,
10J,La Réserve des Matériaux,Société,Brest,29200,https://la-reserve.bzh/,1,
119,La Scie Circulaire,Association,Lille,59000,https://sciecirculaire.ongseed.fr/,1,
ra,Labrouche Antiquaire de Matériaux,Société,Montendre,17130,http://antiquaire-de-materiaux.com/fr/,1,
rd,Lascombes Matériaux Anciens,Société,Soindres,78200,https://www.lascombesmateriauxanciens.com/gb/,1,
re,Lascombes Matériaux Anciens Sud-Ouest,Société,Saint-Laurent-la-Vallée,24170,https://www.lascombes-sud-ouest.fr/,1,
rf,Latitude 48,Société,Paris,75020,www.latitude48.net,1,
rg,LD Démolition,Société,Buchères,10800,https://opalis.eu/fr/revendeurs/ld-materiaux-demolition,1,
rh,Le Brico d'la Forêt,Société,Saint-Benoît-la-Forêt,37500,http://www.bonnaff-discount.com/,1,
11U,Le Chant des scies,Société,Merlevenez,56700,https://fr-fr.facebook.com/people/Le-chant-des-scies/100054412242528/,1,
rk,Le Grenier Beaujolais,Société,Lissieu,69380,https://www.materiaux-anciens-lissieu.fr/,1,
16h,Le Hangar d'AIMA Castelnau-Camblong,Plateforme de reemploi PEMB (enquete CERC-NA),Castetnau-Camblong,64190,https://www.aimalecoeur.org,1,
16j,Le Hangar d'AIMA Salies,Plateforme de reemploi PEMB (enquete CERC-NA),Salies-de-Bearn,64270,https://www.aimalecoeur.org,1,
rm,Le Parpaing,Association,Roubaix,59100,https://zerm.org/leparpaing,1,
y3,Le Plateau Circulaire,Société,Grentheville,14120,https://www.plateaucirculaire.fr/index.php/prestations/,1,
rn,Le Radiateur Fonte Rénovation,Société,Vigneux-sur-Seine,91270,http://www.radiateur-fonte-renovation.com/,1,
ro,Le Re-Scie-Clou Matériauthèque,Association,Die,26150,https://bisusus26.wixsite.com/rescieclou,1,
zz,Le Sommer Environnement,Société,Bordeaux,33100,https://lesommer.fr/,1,
yc,Le Tri-cycle enchanté,Association,Agonac,24460,www.tri-cycle.org,1,
rt,Legens,Société,Chambray-lès-Tours,37170,https://www.legens.com/,1,
ru,Legens,Société,Reignac-sur-Indre,37310,https://www.legens.com/,1,
rx,Les 2 Rives,Société,Lyon,69009,https://www.scop-les2rives.eu/,1,
ry,Les 2 Rives,Société,Strasbourg,67100,https://www.scop-les2rives.eu/,1,
rz,Les Ateliers de la Bergerette,Association,Beauvais,60000,http://www.ateliers-bergerette.org/,1,
s1,Les Ateliers de Saint Gaudent,Société,Saint-Gaudent,86400,https://opalis.eu/fr/revendeurs/les-ateliers-de-saint-gaudent,1,
yG,Les Bâtineurs,Société,Le Petit-Quevilly,76140,www.lesbatineurs.com,1,
s5,Les Chantiers du Réemploi,Association,La Gaubretière,85130,https://www.leschantiersdureemploi.fr/la-materiautheque/,1,
s8,Les Matériaux Anciens Jean Chabaud,Société,Apt,84400,https://www.chabaud-materiaux-anciens.com/,1,
s9,Les Matériaux Anciens Jean Chabaud,Société,Maillane,13910,https://www.chabaud-materiaux-anciens.com/,1,
sB,Les Matériaux d'Antan,Société,Brains-sur-Gée,72550,https://www.les-materiaux-d-antan.fr/,1,
sE,Les Rayons - Régie de quartier de Stains,Association,Stains,93240,https://co.inseinesaintdenis.fr/le-bottin/regie-de-quartier-de-stains-2/,1,
sG,Les Saprophytes - FAB,Association,Roubaix,59100,http://www.les-saprophytes.org/project/fabrique-darchitectures-bricolee/,1,
16w,LNArchitecture,Acteur Envirobat Centre-Val de Loire,Tours,37000,https://lnarchitecture.fr,1,
z1,LUMIDAS (D&S International SA),Société,Geneva,1207,http://www.lumidas.ch/,1,
zx,MAT'LOW,Association,Vannes,56000,https://www.ec-56.bzh/,1,
sZ,Matériaux Anciens A. Lavillauggouet,Société,Canapville,14800,http://www.vieuxmateriaux.com/,1,
sf,Matériaux Anciens Jean-Claude l'Enfant,Société,Villeblevin,89340,http://www.materiaux-anciens-jcl.com/,1,
wf,Matériaux Authentiques,Société,Mouvaux,59420,https://materiaux-authentiques.com/,1,
sg,Matériaux d’Antan,Société,Aix-en-Provence,13540,https://materiauxdantan.fr/fr/,1,
sh,Matériaux d’Antan,Société,La Mézière,35520,http://www.materiauxdantan.net/,1,
sj,Matériaux Nobles Gazut et Fils,Société,Montlandon,28240,https://www.materiaux-nobles.com/,1,
sk,Matériaux Nobles Gazut et Fils,Société,Sainte-Feyre,23000,https://www.materiaux-nobles.com/,1,
11R,Menuiserie FIXART,Société,Vénissieux,69200,www.fixart.fr,1,
st,Menuiserie Fouque,Société,Arles,13200,https://fouque.fr/boutique/,1,
sy,Michel Matériaux Anciens,Société,Auxerre,89000,http://www.michel-materiaux-anciens.fr/,1,
t4,Multimat,Société,Bosc-le-Hard,76850,http://www.multimat76.com/c29/produits-d-occasions,1,
t5,Munima,Société,Tassin-la-Demi-Lune,69160,https://www.munima.fr/,1,
ss,Méandre Etc,Société,Montreuil,93100,https://www.meandre-etc.fr/,1,
t8,NECI Normandie,Autre,Rouen,76000,https://neci.normandie.fr/clubs/le-reemploi-dans-le-batiment,1,
t9,Nedelec,Société,Landivisiau,29400,https://opalis.eu/fr/revendeurs/nedelec,1,
tH,Nord Antique,Société,Seclin,59113,https://www.nord-antique.com/,1,
tI,Noria et Cie,Association,Saint-Nicolas-de-Redon,44460,http://www.noria-cie.com/,1,
tL,Occa mat,Société,Sallebœuf,33370,https://occamat33.fr/,1,
tM,Olivier de Bonfils,Société,Liorac-sur-Louyre,24520,http://olivierdebonfils.chez-alice.fr/,1,
10d,On n'est pas que des cageots,Association,Saint-Brieuc,22000,http://www.descageots.fr,1,
tP,Opal reemploi,Association,Boulogne-sur-Mer,62200,http://opalreemploi.com,1,
tQ,Opalis,Autre,Evere,1140,https://opalis.eu/fr,1,
tR,Origines,Société,Marcellus,47200,https://www.origines.fr/,1,
wg,Origines,Société,Marcellus,47200,https://www.origines.fr/,1,
tS,Orsettig,Société,Aiguillon,47190,http://orsettig.free.fr/,1,
tU,Parlons Pierre,Société,Dourgne,81110,https://www.tailleur-pierre-tarn.com/mat%C3%A9riaux-anciens-1/,1,
tV,Parquets Briatte,Société,Le Thillay,95500,https://www.parquetsbriatte.fr/,1,
tX,Pascal Stephan Matériaux Anciens,Société,Ménétreux-le-Pitois,21150,http://www.pascal-stephan.fr/,1,
ta,Pavés Cossutta,Société,Gandelu,02810,http://paves-cossutta.fr/,1,
tj,Pepe Matériaux,Société,Torpes,25320,https://opalis.eu/fr/revendeurs/pepe-materiaux,1,
tm,Petti Matériaux Anciens,Société,Roquebrune-sur-Argens,83520,https://opalis.eu/fr/revendeurs/petti-materiaux-anciens,1,
tq,Pimp your waste,Société,Antony,92160,https://www.pimpyourwaste.com/,1,
10r,PLANETE REEMPLOI,Société,Champagné-les-Marais,85450,https://www.planete-reemploi.fr/,1,
wv,Polyexpert Environnement - Aquitaine,Société,Pessac,33600,www.polyexpert-environnement.fr,1,
wy,Polyexpert Environnement - Atlantique,Société,La Chapelle-sur-Erdre,44240,www.polyexpert-environnement.fr,1,
x2,Polyexpert Environnement - Est,Société,Oberhausbergen,67205,www.polyexpert-environnement.fr,1,
ww,Polyexpert Environnement - IdF,Société,Le Kremlin-Bicêtre,94270,www.polyexpert-environnement.fr,1,
wx,Polyexpert Environnement - Nord,Société,Villeneuve-d'Ascq,59491,www.polyexpert-environnement.fr,1,
wz,Polyexpert Environnement - Occitanie,Société,Montpellier,34006,www.polyexpert-environnement.fr,1,
x3,Polyexpert Environnement - Occitanie,Société,Toulouse,31500,www.polyexpert-environnement.fr,1,
x1,Polyexpert Environnement - RAA,Société,Villeurbanne,69100,www.polyexpert-environnement.fr,1,
x0,Polyexpert Environnement - Sud-Est,Société,Aix-en-Provence,13097,www.polyexpert-environnement.fr,1,
ts,Portes Anciennes Philippe Varnier,Société,Peyrolles-en-Provence,13860,http://www.porte-ancienne.com/,1,
tt,Portes Antiques et Rééditions,Société,Beaumettes,84220,https://www.portesantiques.com/,1,
tu,Possibles Architectures,Société,Grenoble,38000,https://mdonzearchi.wixsite.com/accueil/portfolio,1,
zw,PROTECH IDF REEMPLOI,Société,Saint-Maur-des-Fossés,94100,http://protech-reemploi.com/,1,
u0,Provence Portes Anciennes,Société,Vaison-la-Romaine,84110,http://www.provence-portes.com/,1,
u2,Provence Vieux Matériaux,Société,Cavaillon,84300,https://www.brachet-anciensmateriaux.fr/,1,
u3,Quercy Perigord Matériaux Anciens,Société,Anglars-Nozac,46300,http://www.materiauxanciensquercyperigord.com/,1,
yR,Raivalor,Association,Niort,79000,https://www.raivalor.com/,1,
uE,RCB Carrelages,Société,Grimaud,83310,https://www.rcbcarrelages.fr/,1,
uF,Re-Store,Association,Saint-Denis,93200,https://restore.woma.fr/,1,
xf,Recovering,Société,Boulogne-Billancourt,92100,https://recovering.fr/,1,
uN,Recycle-Avenir,Société,Marseille,13001,https://www.recycle-avenir.com/,1,
12H,Recycle-Avenir,Société,Marseille,13001,https://www.recycle-avenir.com/,1,
uR,Reemploi construction brussels,Association,Brussels,1000,http://www.reemploi-construction.brussels,1,
11h,RESPIR,Association,Saint-Yrieix-la-Perche,87500,https://associationrespir.com/Nos-missions/,1,
16s,Retrilog,Structure ESS (annuaire CRESS Bretagne 2024),Ploufragan,22440,https://retrilog.fr,1,
ua,Rossignol Démolition,Société,Montesson,78360,http://www.demolition-rossignol.com/,1,
uc,Rotondo Lavier SARL,Société,Baigneux-les-Juifs,21450,https://opalis.eu/fr/revendeurs/rotondo-lavier-sarl,1,
ud,Rotor Asbl,Société,Evere,1140,https://rotordb.org/en,1,
uh,Rue des Antiquaires,Société,Domfront en Poiraie,61700,https://opalis.eu/fr/revendeurs/rue-des-antiquaires-joel-trac,1,
ui,SA Aplanat,Société,Domazan,30390,https://www.applanat.com/,1,
uk,Saluzzo et Fils,Société,Montauroux,83440,https://www.saluzzo-et-fils.com/,1,
ul,Salza,Société,Zurich,8005,https://www.salza.ch/fr,1,
um,SARL Perrin,Société,Saulxures-sur-Moselotte,88290,http://www.fers-metaux.com/,1,
xv,SAS Pilot,Société,Nice,06300,www.sas-pilot.fr,1,
zA,SBTPC SOGEA Réunion by Vinci Construction,Société,Le Port,97420,https://www.s2r.re/,1,
up,Scierie mobile du Vendomois,Société,Chauvigny-du-Perche,41270,https://www.hubizzy.com/scierieduvendomois/Accueil.htm,1,
12p,Sequndo,Association,Paris,75020,https://utopreneurs.org/vous-accompagner/sequndo,1,
uq,Serge Verzetti,Société,Saint-Étienne,42100,https://opalis.eu/fr/revendeurs/serge-verzeretti,1,
ur,Serrurerie Ancienne Antiquités,Société,Égliseneuve-près-Billom,63160,http://serrurerie-ancienne.fr/,1,
ut,Shop And Mat,Société,Sainte-Savine,10300,https://shop-mat.fr/,1,
uv,SK-Démolition,Société,Magny-Fouchard,10140,https://www.serrurot-paulalexandre.fr/,1,
11u,Sobra,Société,Montrabé,31850,Https://sobrabtp.fr,1,
v0,Société Matériaux de Tradition,Société,Narbonne,11100,https://opalis.eu/fr/revendeurs/societe-materiaux-de-tradition,1,
uz,Société Maçonnaise des Cheminées Anciennes,Société,Mâcon,71000,http://ancienne-cheminee.com/jardin-francaise.html,1,
v1,Socotec,Société,Maisons-Alfort,94700,https://www.socotec.fr/nos-solutions/economie-circulaire/amo-reemploi-construction,1,
yf,Soli'Bât 40,Association,Saint-Martin-de-Seignanx,40390,https://centre.soli-bat.fr/,1,
v2,Soli'Bât Bretagne,Association,Rennes,35000,https://centre.soli-bat.fr/,1,
v3,Soli'Bât Centre,Association,Tours,37000,https://centre.soli-bat.fr/,1,
v4,Soli'Bât Gironde,Association,Bordeaux,33800,https://centre.soli-bat.fr/,1,
v5,Soli'Bât P.A.C.A.,Association,Marseille,13006,https://centre.soli-bat.fr/,1,
11F,SOREM,Société,Marmande,47200,https://sorem-sa.com,1,
v8,Strada,Société,Emmerin,59320,https://www.antics-strada.com/,1,
z4,Studio TEC,Société,Geneva,1211,https://studiotec.ch/,1,
v9,Superuse Studios,Société,Rotterdam,3063NS,https://superuse-studios.com/en,1,
vA,Syphon,Société,Brügg,2555,https://www.syphon.ch/fr/,1,
vG,Thierry Fabry,Société,Darcey,21150,http://www.taille-pierre.com/,1,
vM,Tribu,Société,Paris,75019,https://www.tribu-concevoirdurable.fr/,1,
vN,Tribu,Société,Lyon,69003,https://www.tribu-concevoirdurable.fr/,1,
vO,Tribu,Société,Nantes,44000,https://www.tribu-concevoirdurable.fr/,1,
vP,Tribu,Société,Mons-en-Barœul,59370,https://www.tribu-concevoirdurable.fr/,1,
vS,Trost Carrelages Anciens,Société,Les Garennes-sur-Loire,49610,http://www.carrelages-anciens.com/,1,
vX,Urbastone,Société,Hazebrouck,59190,https://sites.google.com/site/urbastonefrance/,1,
zm,VALDEGE,Société,Cazaux-Savès,32130,www.valdege.com,1,
16x,Valessens - Habiter Surcycle,Acteur Envirobat Centre-Val de Loire,Tours,37200,https://valessens.fr,1,
vb,Vergnaud Entreprise,Société,Saint-Jean-d'Ataux,24190,https://www.vergnaud-ent.fr/,1,
vh,Vieux Bois des Alpes,Société,Saint-Jean-de-Sixt,74450,http://www.vieux-bois-des-alpes.com/,1,
vi,Vieux Granits,Société,Baud,56150,http://www.vieuxgranits.com/,1,
vj,Vincent Recyclage,Société,Langeais,37130,https://www.vincentrecyclage.fr/,1,
z8,VIRY (Division métal de Fayat Group),Société,,,https://viry.fayat.com/fr/savoir-faire/reemploi,1,
11P,A l'oeuvre,Société,La Rochelle,17000,https://www.linkedin.com/company/à-l-oeuvre/,2,
10S,Atelier Charbon,Association,Marseille,13004,https://www.instagram.com/atelier.charbon/?hl=fr,2,
oy,Bati Circulaire,Association,Bardos,64520,https://www.facebook.com/bati.circulaire,2,
12s,Be Process,Société,Saint-Priest,69800,https://www.linkedin.com/company/be-process-france/,2,
pJ,Brigade de Construction Collective (BriCC),Association,Villeurbanne,69100,https://www.facebook.com/assolabricc/about/?ref=page_internal,2,
wa,Collectif Lokal,Association,Paris,75012,https://www.instagram.com/collectif.lokal/?hl=fr,2,
yj,Dahuts,Société,Annecy,74960,https://www.facebook.com/DAHUTSmobiliers/?ref=page_internal,2,
ps,Depuis 1920,Société,Aubervilliers,93300,https://www.facebook.com/Depuis1920/,2,
pt,Des idées plein la terre,Association,Reims,51100,https://www.facebook.com/Des-id%C3%A9es-plein-la-terre-103030361417542/?modal=admin_todo_tour,2,
pn,Décup',Association,Nancy,54000,https://www.facebook.com/defis.recup.7,2,
10y,Faiseurs de Terres,Société,Saint-Denis,93200,https://www.linkedin.com/company/faiseurs-de-terres/about/,2,
qQ,Force Pure,Société,Paris,75000,https://www.facebook.com/forcepureconstructions/,2,
qS,Frich'market,Association,Lyon,69003,https://www.facebook.com/ecocomptoir/?ref=page_internal,2,
y2,L'Altarnative Matériauthèque,Association,Rabastens,81800,https://www.facebook.com/LAltarnative-Mat%C3%A9riauth%C3%A8que-103247675506135,2,
10p,L'atelier ANGOT,Société,Plourhan,22410,https://www.facebook.com/profile.php?id=100077378590623,2,
rE,La Dent Creuse,Association,Toulouse,31000,https://www.facebook.com/La-Dent-Creuse-103311093574619/?ref=page_internal,2,
12a,Laurène Félix,Société,Villenave-d'Ornon,33140,www.linkedin.com/in/laurenefelix/,2,
ri,Le Comptoir des rues,Association,Ploërmel,56800,https://www.facebook.com/comptoirdesrues/,2,
10B,le cyclOpe,Société,Quimper,29000,https://www.linkedin.com/in/ronan-cornec-le-cyclope-92807885/,2,
sC,Les Matériaux d'Autrefois,Société,Neufchâteau,88300,https://www.facebook.com/Les-Mat%C3%A9riaux-dAutrefois-156008884506056/,2,
z7,Low Carbon Design (LCD),Société,Herstal,4040,https://www.linkedin.com/company/low-carbon-design/about/,2,
yY,Low-Tech Touraine,Association,Tours,37032,https://www.facebook.com/Lowtech.Touraine,2,
sQ,Maison Système,Association,Bordeaux,33100,https://www.facebook.com/Maison-syst%C3%A8me-447648062425155/?ref=page_internal,2,
zg,Nour Eddé,Société,Romainville,93230,https://www.linkedin.com/in/nour-edd%C3%A9-a9118a51/,2,
tK,O'Baines - Matériaux-thèque - Steredenn,Association,Quévert,22100,https://www.facebook.com/Materiauxtheque,2,
12k,OPREC Matériaux,Société,Fleury-les-Aubrais,45400,https://www.linkedin.com/in/william-taillot-0b045a294/,2,
tl,PERMAC,Association,Le Havre,76600,https://www.facebook.com/permacnormandie/,2,
zr,PREMYS,SASU,Magny-les-Hameaux,78114,https://www.linkedin.com/company/premys/,2,
uU,Remake,Société,Saint-Denis,93200,https://www.linkedin.com/company/remake-r%C3%A9emploi/about/,2,
yi,Scaraboom,Société,Montpellier,,https://www.facebook.com/Scaraboom/,2,
12P,Servibat et Servitravaux,Société,Véretz,37270,https://www.linkedin.com/company/servibat-svbt/,2,
12h,Stettler Architecture,Société,Vitry-sur-Seine,94400,https://www.instagram.com/stettler_architecture/,2,
wh,Vacance Collective,Association,Strasbourg,67200,https://www.facebook.com/vacancecollective/,2,
14N,Actierra,,Rueil-Malmaison,92500,,3,
13Y,amarée,,Le Havre,76620,,3,
14R,AMO Réemploi,,Joyeuse,07260,,3,
zQ,Articule,Société,Concarneau,29900,,3,
162,Association Seconde Vie,Plateforme de reemploi PEMB (enquete CERC-NA),Chalais,16210,,3,
13q,BO MATERIAUX,,Mon-Idée,08260,,3,
xd,CALMM Architecture,,Paris,75011,,3,
wj,CDL Expertises,,Saint-Jean-d'Illac,33127,,3,
15y,Cite du Reemploi (Triservices),"Association Triservices (2014, ACI)",Sausheim,68390,,3,
14T,DAMIEN LAGRANGE ARCHITECTE,,Lyon,69003,,3,
13s,Dinamic,,Châtenay-Malabry,92290,,3,
129,DIOTAL,Société,Nantes,44100,,3,
160,ECCU'M Materiautheque Lorraine,Association ECCU'M,Metz,57050,,3,
15x,Emma'Tek (Emmaus 43),Association (Emmaus 43),Sanssac-l'Eglise,43320,,3,
14H,Envirobat Grand Est - ARCAD LQE,,Nancy,54100,,3,
qE,Eric Pilatte,Société,Dives-sur-Mer,14160,,3,
14F,G-STONES réemploi de pierres naturelles (anciennement GREEN STONES),,Bazouges-la-Pérouse,35560,,3,
171,Henot TP,Acteur Envirobat Centre-Val de Loire,Truyes,37320,,3,
141,IDRE-Interprofessionnelle de la Déconstruction et du Ré-Emploi,,Lyon,69008,,3,
z3,Jaunin SA,Société,Cartigny,1236,,3,
r3,Katapulte,Association,Nantes,44100,,3,
yv,L'ATELIER Carole SENEGAS,Société,Lorient,56100,,3,
15v,La Bat Mat,Association (co-fondee par Reanimes + Ressourcerie du Pont),Nimes,30000,,3,
16g,La Manufaktura,Plateforme de reemploi PEMB (enquete CERC-NA),Bidache,64520,,3,
14G,Les Ateliers du Singe,,Irissarry,64780,,3,
16m,Locus Tiers Lieu 86 - Laiterie d'Archigny,Plateforme de reemploi PEMB (enquete CERC-NA),Archigny,86210,,3,
16o,Mathusalem cafe brocante associatif,Plateforme de reemploi PEMB (enquete CERC-NA),Saint-Leonard-de-Noblat,87400,,3,
13o,Matériauthèque Siléo,,Montrevault-sur-Èvre,49110,,3,
13u,Negomat Acteur du reemploi materiels industriels et tertiare electrique,,Limoges,87100,,3,
13x,OZZA,,Angers,49100,,3,
144,PREMYS Agence Perrier,,Saint-Priest,69800,,3,
147,PREMYS Grand Ouest,,Guérande,44350,,3,
145,PREMYS Sud Ouest,,Saint-André-de-Cubzac,33240,,3,
146,PREMYS Sud Ouest,,Toulouse,31200,,3,
13c,ReBois par Gueules de Bois,,Saint-Aignan-Grandlieu,44860,,3,
13a,rebâtir Maine,,Allonnes,72700,,3,
14W,RECYCLAVIE,,Soullans,85300,,3,
16d,Ressourcerie AOD (Amicale de l'Obsolescence Deprogrammee),Plateforme de reemploi PEMB (enquete CERC-NA),Blanquefort-sur-Briolance,47500,,3,
166,REVAL 23,Plateforme de reemploi PEMB (enquete CERC-NA),Sainte-Feyre,23000,,3,
12z,Société Protectrice des Végétaux,,Oullins-Pierre-Bénite,69600,,3,
172,Sumar.F Faconnages,Acteur Envirobat Centre-Val de Loire,Saint-Jean-le-Blanc,45650,,3,
16z,Venus Architecture,Acteur Envirobat Centre-Val de Loire,Orleans,45000,,3,
